Chunk_ID,Organization,Title,URL,Loading_Method,Chunk_Number,Text
S01_C001,American Diabetes Association,Standards of Care in Diabetes—2026: Prevention or Delay,https://diabetesjournals.org/care/article/49/Supplement_1/S50/163924/3-Prevention-or-Delay-of-Diabetes-and-Associated,Loaded from curated evidence card,1,"The American Diabetes Association Standards of Care discuss screening, monitoring, and evidence-based approaches for people at elevated risk of type 2 diabetes. Recommended prevention approaches emphasize an individualized lifestyle program, regular physical activity, healthy dietary patterns, weight management when appropriate, cardiovascular risk-factor management, and ongoing follow-up with qualified health professionals. Treatment or medication decisions require individual clinical assessment. These recommendations support prevention and risk reduction and should not be interpreted as automated diagnostic advice."
S02_C001,CDC,National Diabetes Prevention Program,https://www.cdc.gov/diabetes-prevention/index.html,Loaded through reader,1,"Title: National Diabetes Prevention Program URL Source: https://www.cdc.gov/diabetes-prevention/index.html Markdown Content: Find out about prediabetes and type 2 diabetes and how to prevent or delay both conditions. May 15, 2024 The yearlong lifestyle change program can help you build healthy habits that last a lifetime. May 14, 2024 Find out more about the benefits of participating in the lifestyle change program. May 14, 2024 Find a lifestyle change program near you or one that's offered remotely. May 15, 2024 [](https://www.cdc.gov/diabetes-prevention/index.html ""For program providers"") For program providers Learn how your organization can offer the CDC-recognized lifestyle change program. May 14, 2024 Overview of the PreventT2 curriculum used by organizations offering the lifestyle change program. May 15, 2024 Resources for National DPP Lifestyle Coaches to increase participant retention. Share these motivational modules with your class participants after the appropriate sessions. Provide information and materials for the PreventT2 diabetes prevention program and its curriculum. Links to the National DPP Customer Service Center and other"
S02_C002,CDC,National Diabetes Prevention Program,https://www.cdc.gov/diabetes-prevention/index.html,Loaded through reader,2,"Share these motivational modules with your class participants after the appropriate sessions. Provide information and materials for the PreventT2 diabetes prevention program and its curriculum. Links to the National DPP Customer Service Center and other resources for program providers. Learn about requirements for use of an alternate curriculum to deliver the lifestyle change program. [](https://www.cdc.gov/diabetes-prevention/index.html ""Testimonials"") Testimonials These program participants took steps to prevent type 2 diabetes and improve their overall health. May 15, 2024 Read testimonials from National DPP program coordinators and lifestyle coaches. May 14, 2024 Read testimonials from employers and insurers who have successfully covered the National DPP. May 15, 2024"
S03_C001,CDC,Preventing Type 2 Diabetes with Lifestyle Change,https://www.cdc.gov/diabetes-prevention/lifestyle-change-program/index.html,Loaded through reader,1,"Title: Preventing Type 2 Diabetes with the Lifestyle Change Program URL Source: https://www.cdc.gov/diabetes-prevention/lifestyle-change-program/index.html Markdown Content: May 15, 2024, visit link for details. For Everyone * Research shows that people who make certain lifestyle changes can cut their risk for type 2 diabetes in half. * They can also lower their risk of heart attack or stroke and improve their overall health. * All that while feeling better and having more energy for the things they love. [](https://www.cdc.gov/diabetes-prevention/lifestyle-change-program/index.html ""Overview"") Overview Video 3 Imagine: You and the National Diabetes Prevention Program The National Diabetes Prevention Program lifestyle change program was developed specifically to prevent type 2 diabetes. It was designed for people who have prediabetes or are at risk for type 2 diabetes but don't already have diabetes. A trained Lifestyle Coach leads the program. They help you change certain lifestyle habits, like eating healthier, reducing stress, and getting more physical activity. The program also includes group support from others who share"
S03_C002,CDC,Preventing Type 2 Diabetes with Lifestyle Change,https://www.cdc.gov/diabetes-prevention/lifestyle-change-program/index.html,Loaded through reader,2,"diabetes. A trained Lifestyle Coach leads the program. They help you change certain lifestyle habits, like eating healthier, reducing stress, and getting more physical activity. The program also includes group support from others who share your goals and struggles. It's delivered both in person and online. This lifestyle change program is not a fad diet or an exercise class. And it's not a quick fix. It's a yearlong program focused on long-term changes and lasting results A year might sound like a long commitment, but learning new habits, gaining new skills, and building confidence takes time. As you begin to eat better and become more active, you'll notice changes in how you feel. You may even notice changes in how you look. _""I like the program because of the group participation and nonjudgmental, supportive environment.""_–_Cynthia Oredugba, Lifestyle Coach_ Already diagnosed with type 2 diabetes?‎ If you've already been diagnosed with type 2 diabetes and want to learn how to manage"
S03_C003,CDC,Preventing Type 2 Diabetes with Lifestyle Change,https://www.cdc.gov/diabetes-prevention/lifestyle-change-program/index.html,Loaded through reader,3,"program because of the group participation and nonjudgmental, supportive environment.""_–_Cynthia Oredugba, Lifestyle Coach_ Already diagnosed with type 2 diabetes?‎ If you've already been diagnosed with type 2 diabetes and want to learn how to manage it, see Living with Diabetes. [](https://www.cdc.gov/diabetes-prevention/lifestyle-change-program/index.html ""Benefits"") Benefits Improve your health The lifestyle change program can help you lose weight by eating better and being more physically active. You'll also learn how to reduce stress. All these things will help lower your risk for type 2 diabetes and having a heart attack or stroke. Feel better and more energetic Many participants say they feel better and are more active than they were before the program. Imagine having more energy to do the things you love. Be part of something bigger By joining the lifestyle change program, you can be part of the national movement to prevent type 2 diabetes. Fewer cases of type 2 diabetes in the United States means: * Healthier communities * A"
S03_C004,CDC,Preventing Type 2 Diabetes with Lifestyle Change,https://www.cdc.gov/diabetes-prevention/lifestyle-change-program/index.html,Loaded through reader,4,"By joining the lifestyle change program, you can be part of the national movement to prevent type 2 diabetes. Fewer cases of type 2 diabetes in the United States means: * Healthier communities * A healthier, more productive workforce * Lower health care costs for everyone _""This program has taught me how to eat healthy and find an exercise routine that works for my schedule.""_– _Jan Booker, program participant_ [](https://www.cdc.gov/diabetes-prevention/lifestyle-change-program/index.html ""Creating an action plan"") Creating an action plan Take the risk test and find a program 1. First, **find out if you're at risk** for prediabetes and type 2 diabetes. Take our online test. 2. If **you're at****high risk**, talk to a health care professional about getting a blood sugar test. 3. If **you have prediabetes**, join the lifestyle change program. Visit Find a Program to find a local or online program that works for you. If you'd first like to learn more about the program, continue on to the"
S03_C005,CDC,Preventing Type 2 Diabetes with Lifestyle Change,https://www.cdc.gov/diabetes-prevention/lifestyle-change-program/index.html,Loaded through reader,5,"prediabetes**, join the lifestyle change program. Visit Find a Program to find a local or online program that works for you. If you'd first like to learn more about the program, continue on to the About the Lifestyle Change Program page. May 14, 2024 Sources and Page InfoPrintShare Content Source: National Center for Chronic Disease Prevention and Health Promotion; Diabetes About this page Published: May 15, 2024 Updated: November 28, 2023 This page was last updated on this date. Updates may include minor edits, image changes, or other modifications to page content. Reviewed: May 15, 2024 The information on this page was last reviewed by subject matter experts to ensure accuracy. Sources * Diabetes Prevention Program Research Group, Knowler WC, Fowler SE, Hamman RF, Christophi CA, Hoffman HJ, Brenneman AT, Brown-Friday JO, Goldberg R, Venditti E, Nathan DM. 10-year follow-up of diabetes incidence and weight loss in the Diabetes Prevention Program Outcomes Study. Lancet. 2009;374(9702):1677-86. doi: 10.1016/S0140-6736(09)61457-4. Epub 2009 Oct"
S03_C006,CDC,Preventing Type 2 Diabetes with Lifestyle Change,https://www.cdc.gov/diabetes-prevention/lifestyle-change-program/index.html,Loaded through reader,6,"CA, Hoffman HJ, Brenneman AT, Brown-Friday JO, Goldberg R, Venditti E, Nathan DM. 10-year follow-up of diabetes incidence and weight loss in the Diabetes Prevention Program Outcomes Study. Lancet. 2009;374(9702):1677-86. doi: 10.1016/S0140-6736(09)61457-4. Epub 2009 Oct 29. Available at http://www.ncbi.nlm.nih.gov/pmc/articles/PMC3135022/ * Tuomilehto J, Lindstrom J, Eriksson J, et al; Finnish Diabetes Prevention Study Group. Prevention of type 2 diabetes mellitus by changes in lifestyle among subjects with impaired glucose tolerance. N Engl J Med 2001; 344:1343–1350. Available at http://www.ncbi.nlm.nih.gov/pubmed/11333990"
S04_C001,CDC,Healthy Eating and Diabetes,https://www.cdc.gov/diabetes/healthy-eating/index.html,Loaded through reader,1,"Title: Healthy Eating URL Source: https://www.cdc.gov/diabetes/healthy-eating/index.html Markdown Content: Key points * Managing blood sugar is the key to living well with diabetes, and healthy eating is the key to managing blood sugar. * Simply put, eat healthy foods in the right amounts at the right times so your blood sugar stays in your target range as much as possible. * Work with your dietitian or diabetes educator to create a healthy eating plan and check out these resources to learn more. [](https://www.cdc.gov/diabetes/healthy-eating/index.html ""Eating well with diabetes"") Eating well with diabetes Discover helpful tools like the plate method and carb counting and learn about portion sizes. May 14, 2024 Here’s how counting carbs can help people with diabetes manage their blood sugar levels. May 14, 2024 Find out how many carbs are contained in common foods. May 14, 2024 Here's how to enjoy a meal out while sticking to your healthy eating plan. May 14, 2024 These tips can help people"
S04_C002,CDC,Healthy Eating and Diabetes,https://www.cdc.gov/diabetes/healthy-eating/index.html,Loaded through reader,2,"Find out how many carbs are contained in common foods. May 14, 2024 Here's how to enjoy a meal out while sticking to your healthy eating plan. May 14, 2024 These tips can help people with diabetes plan ahead to enjoy sweets and manage their blood sugar. May 14, 2024 Enjoying the holidays doesn’t mean you have to have mean a setback in your diabetes goals. May 14, 2024 Find out how you can embrace your culture when creating your diabetes meal plan. May 14, 2024 Cancer treatment can disrupt your diabetes eating plan. Find tips to help manage both conditions. May 14, 2024 ​Help for figuring out what to eat if you have diabetes and kidney disease. May 14, 2024 Fiber can help you manage diabetes. Learn more about the surprising role of fiber. May 14, 2024 Food insecurity could increase your risk of developing type 2 diabetes or make it harder to manage. May 14, 2024 These tips"
S04_C003,CDC,Healthy Eating and Diabetes,https://www.cdc.gov/diabetes/healthy-eating/index.html,Loaded through reader,3,"manage diabetes. Learn more about the surprising role of fiber. May 14, 2024 Food insecurity could increase your risk of developing type 2 diabetes or make it harder to manage. May 14, 2024 These tips can help people with diabetes eat healthy on a budget. May 14, 2024 Provides tips for healthier eating at buffets for people with diabetes May 14, 2024 Find out how to choose the most nutritious carbs if you’re living with diabetes. May 14, 2024 Do you know how to spot hidden sugars in your everyday foods? June 3, 2024 May 14, 2024 Content Source: National Center for Chronic Disease Prevention and Health Promotion; Diabetes About this page Published: May 15, 2024 Updated: May 15, 2024 This page was last updated on this date. Updates may include minor edits, image changes, or other modifications to page content. Reviewed: January 10, 2024 The information on this page was last reviewed by subject matter experts to ensure accuracy."
S05_C001,NIDDK,Preventing Type 2 Diabetes,https://www.niddk.nih.gov/health-information/diabetes/overview/preventing-type-2-diabetes,Loaded directly,1,"Home Health Information Diabetes Diabetes Overview Preventing Type 2 Diabetes English Español Preventing Type 2 Diabetes Perhaps you have learned that you have a high chance of developing type 2 diabetes , the most common type of diabetes. You might be overweight or have a parent, brother, or sister with type 2 diabetes. Maybe you had gestational diabetes, which is diabetes that develops during pregnancy. These are just a few examples of factors that can raise your chances of developing type 2 diabetes . Diabetes can cause serious health problems , such as heart disease, stroke, and eye and foot problems. Prediabetes also can cause health problems. The good news is that type 2 diabetes can be delayed or even prevented. The longer you have diabetes, the more likely you are to develop health problems, so delaying diabetes by even a few years will benefit your health. You can help prevent or delay type 2 diabetes by losing a modest"
S05_C002,NIDDK,Preventing Type 2 Diabetes,https://www.niddk.nih.gov/health-information/diabetes/overview/preventing-type-2-diabetes,Loaded directly,2,"diabetes, the more likely you are to develop health problems, so delaying diabetes by even a few years will benefit your health. You can help prevent or delay type 2 diabetes by losing a modest amount of weight by following a reduced-calorie eating plan and being physically active most days of the week. Ask your doctor if you should take the diabetes drug metformin to help prevent or delay type 2 diabetes. 1 How can I lower my chances of developing type 2 diabetes? Research such as the Diabetes Prevention Program shows that you can do a lot to reduce your chances of developing type 2 diabetes. Here are some things you can change to lower your risk: Lose weight and keep it off. You may be able to prevent or delay diabetes by losing 5 to 7 percent of your starting weight. 1 For instance, if you weigh 200 pounds, your goal would be to lose about 10 to"
S05_C003,NIDDK,Preventing Type 2 Diabetes,https://www.niddk.nih.gov/health-information/diabetes/overview/preventing-type-2-diabetes,Loaded directly,3,"may be able to prevent or delay diabetes by losing 5 to 7 percent of your starting weight. 1 For instance, if you weigh 200 pounds, your goal would be to lose about 10 to 14 pounds. Move more. Get at least 30 minutes of physical activity 5 days a week. If you have not been active, talk with your health care professional about which activities are best. Start slowly to build up to your goal. Eat healthy foods most of the time. Eat smaller portions to reduce the amount of calories you eat each day and help you lose weight. Choosing foods with less fat is another way to reduce calories. Drink water instead of sweetened beverages. Ask your health care professional about what other changes you can make to prevent or delay type 2 diabetes. Most often, your best chance for preventing type 2 diabetes is to make lifestyle changes that work for you long term. Get started"
S05_C004,NIDDK,Preventing Type 2 Diabetes,https://www.niddk.nih.gov/health-information/diabetes/overview/preventing-type-2-diabetes,Loaded directly,4,"other changes you can make to prevent or delay type 2 diabetes. Most often, your best chance for preventing type 2 diabetes is to make lifestyle changes that work for you long term. Get started with Your Game Plan to Prevent Type 2 Diabetes . Losing weight through healthy eating and regular physical activity can help you prevent type 2 diabetes. What should I do if my health care professional told me I have prediabetes? Prediabetes is when your blood glucose , also called blood sugar, levels are higher than normal, but not high enough to be called diabetes. Having prediabetes is serious because it raises your chance of developing type 2 diabetes. Many of the same factors that raise your chance of developing type 2 diabetes put you at risk for prediabetes. Other names for prediabetes include impaired fasting glucose or impaired glucose tolerance. Some people call prediabetes “borderline diabetes.” About 1 in 3 Americans has prediabetes, according to"
S05_C005,NIDDK,Preventing Type 2 Diabetes,https://www.niddk.nih.gov/health-information/diabetes/overview/preventing-type-2-diabetes,Loaded directly,5,"2 diabetes put you at risk for prediabetes. Other names for prediabetes include impaired fasting glucose or impaired glucose tolerance. Some people call prediabetes “borderline diabetes.” About 1 in 3 Americans has prediabetes, according to recent diabetes statistics from the Centers for Disease Control and Prevention. You won’t know if you have prediabetes unless you are tested. If you have prediabetes, you can lower your chance of developing type 2 diabetes. Lose weight if you need to, become more physically active, and follow a reduced-calorie eating plan. Get started with Your Game Plan to Prevent Type 2 Diabetes . For more support, you can find a lifestyle change program near you through the National Diabetes Prevention Program . Being physically active is one way to help prevent prediabetes from progressing to type 2 diabetes. If I had gestational diabetes when I was pregnant, how can I lower my chances of developing type 2 diabetes? Gestational diabetes is a type of"
S05_C006,NIDDK,Preventing Type 2 Diabetes,https://www.niddk.nih.gov/health-information/diabetes/overview/preventing-type-2-diabetes,Loaded directly,6,"help prevent prediabetes from progressing to type 2 diabetes. If I had gestational diabetes when I was pregnant, how can I lower my chances of developing type 2 diabetes? Gestational diabetes is a type of diabetes that develops during pregnancy. Most of the time, gestational diabetes goes away after your baby is born. Even if your gestational diabetes goes away, you still have a greater chance of developing type 2 diabetes within 5 to 10 years. Your child may also be more likely to become obese and develop type 2 diabetes later in life. Making healthy choices helps the whole family and may protect your child from becoming obese or developing diabetes. Being physically active together is a great way to lower your own and your child’s chance of developing type 2 diabetes. Here are steps you should take for yourself and your child if you had gestational diabetes: Get tested for diabetes 6 to 12 weeks after your baby"
S05_C007,NIDDK,Preventing Type 2 Diabetes,https://www.niddk.nih.gov/health-information/diabetes/overview/preventing-type-2-diabetes,Loaded directly,7,"your child’s chance of developing type 2 diabetes. Here are steps you should take for yourself and your child if you had gestational diabetes: Get tested for diabetes 6 to 12 weeks after your baby is born. If your blood glucose is still high, you may have type 2 diabetes. If your blood glucose is normal, you should get tested every 3 years to see if you have developed type 2 diabetes. Be more active and make healthy food choices to get back to a healthy weight. Breastfeed your baby. Breastfeeding gives your baby the right balance of nutrients and helps you burn calories. Ask your doctor if you should take the diabetes drug metformin to help prevent type 2 diabetes. 1 References Last Reviewed November 2016 Share this page Facebook X Email WhatsApp LinkedIn Reddit Pinterest Previous: Risk Factors for Type 2 Diabetes Next: Diabetes Tests & Diagnosis This content is provided as a service of the National Institute"
S05_C008,NIDDK,Preventing Type 2 Diabetes,https://www.niddk.nih.gov/health-information/diabetes/overview/preventing-type-2-diabetes,Loaded directly,8,"November 2016 Share this page Facebook X Email WhatsApp LinkedIn Reddit Pinterest Previous: Risk Factors for Type 2 Diabetes Next: Diabetes Tests & Diagnosis This content is provided as a service of the National Institute of Diabetes and Digestive and Kidney Diseases (NIDDK), part of the National Institutes of Health. NIDDK translates and disseminates research findings to increase knowledge and understanding about health and disease among patients, health professionals, and the public. Content produced by NIDDK is carefully reviewed by NIDDK scientists and other experts."
S06_C001,NIDDK,Type 2 Diabetes Overview,https://www.niddk.nih.gov/health-information/diabetes/overview/what-is-diabetes/type-2-diabetes,Loaded directly,1,"Home Health Information Diabetes Diabetes Overview What Is Diabetes? Type 2 Diabetes English Español Type 2 Diabetes On this page: What is type 2 diabetes? Who is more likely to develop type 2 diabetes? What are the symptoms of diabetes? What causes type 2 diabetes? How do health care professionals diagnose type 2 diabetes? How can I manage my type 2 diabetes? What medicines do I need to treat my type 2 diabetes? What health problems can people with diabetes develop? How can I lower my chances of developing type 2 diabetes? What is type 2 diabetes? Type 2 diabetes, the most common type of diabetes, is a disease that occurs when your blood glucose, also called blood sugar, is too high. Blood glucose is your main source of energy and comes mainly from the food you eat. Insulin , a hormone made by the pancreas , helps glucose get into your cells to be used for energy. In type"
S06_C002,NIDDK,Type 2 Diabetes Overview,https://www.niddk.nih.gov/health-information/diabetes/overview/what-is-diabetes/type-2-diabetes,Loaded directly,2,"your main source of energy and comes mainly from the food you eat. Insulin , a hormone made by the pancreas , helps glucose get into your cells to be used for energy. In type 2 diabetes, your body doesn’t make enough insulin or doesn’t use insulin well. Too much glucose then stays in your blood, and not enough reaches your cells. The good news is that you can take steps to prevent or delay the development of type 2 diabetes. Who is more likely to develop type 2 diabetes? You can develop type 2 diabetes at any age, even during childhood. However, type 2 diabetes occurs most often in middle-aged and older people. You are more likely to develop type 2 diabetes if you are age 45 or older, have a family history of diabetes, or are overweight or have obesity . Diabetes is more common in people who are African American, Hispanic/Latino, American Indian, Asian American, or Pacific"
S06_C003,NIDDK,Type 2 Diabetes Overview,https://www.niddk.nih.gov/health-information/diabetes/overview/what-is-diabetes/type-2-diabetes,Loaded directly,3,"are age 45 or older, have a family history of diabetes, or are overweight or have obesity . Diabetes is more common in people who are African American, Hispanic/Latino, American Indian, Asian American, or Pacific Islander. Physical inactivity and certain health problems such as high blood pressure affect your chances of developing type 2 diabetes. You are also more likely to develop type 2 diabetes if you have prediabetes or had gestational diabetes when you were pregnant. Learn more about risk factors for type 2 diabetes . Type 2 diabetes occurs most often in middle-aged and older people. What are the symptoms of diabetes? Symptoms of diabetes include increased thirst and urination increased hunger feeling tired blurred vision numbness or tingling in the feet or hands sores that do not heal unexplained weight loss Symptoms of type 2 diabetes often develop slowly—over the course of several years—and can be so mild that you might not even notice them. Many people"
S06_C004,NIDDK,Type 2 Diabetes Overview,https://www.niddk.nih.gov/health-information/diabetes/overview/what-is-diabetes/type-2-diabetes,Loaded directly,4,"hands sores that do not heal unexplained weight loss Symptoms of type 2 diabetes often develop slowly—over the course of several years—and can be so mild that you might not even notice them. Many people have no symptoms. Some people do not find out they have the disease until they have diabetes-related health problems, such as blurred vision or heart disease . What causes type 2 diabetes? Type 2 diabetes is caused by several factors, including overweight and obesity not being physically active insulin resistance genes Learn more about the causes of type 2 diabetes . How do health care professionals diagnose type 2 diabetes? Your health care professional can diagnose type 2 diabetes based on blood tests. Learn more about blood tests for diabetes and what the results mean. How can I manage my type 2 diabetes? Managing your blood glucose, blood pressure , and cholesterol , and quitting smoking if you smoke, are important ways to manage your"
S06_C005,NIDDK,Type 2 Diabetes Overview,https://www.niddk.nih.gov/health-information/diabetes/overview/what-is-diabetes/type-2-diabetes,Loaded directly,5,"and what the results mean. How can I manage my type 2 diabetes? Managing your blood glucose, blood pressure , and cholesterol , and quitting smoking if you smoke, are important ways to manage your type 2 diabetes . Lifestyle changes that include planning healthy meals, limiting calories if you are overweight, and being physically active are also part of managing your diabetes. So is taking any prescribed medicines. Work with your health care team to create a diabetes care plan that works for you. Following your meal plan helps you manage your diabetes. What medicines do I need to treat my type 2 diabetes? Along with following your diabetes care plan, you may need diabetes medicines, which may include pills or medicines you inject under your skin, such as insulin. Over time, you may need more than one diabetes medicine to manage your blood glucose. Even if you don’t take insulin, you may need it at special times, such"
S06_C006,NIDDK,Type 2 Diabetes Overview,https://www.niddk.nih.gov/health-information/diabetes/overview/what-is-diabetes/type-2-diabetes,Loaded directly,6,"under your skin, such as insulin. Over time, you may need more than one diabetes medicine to manage your blood glucose. Even if you don’t take insulin, you may need it at special times, such as during pregnancy or if you are in the hospital. You also may need medicines for high blood pressure, high cholesterol, or other conditions. Learn more about medicines, insulin, and other diabetes treatments . What health problems can people with diabetes develop? Following a good diabetes care plan can help protect against many diabetes-related health problems. However, if not managed, diabetes can lead to problems such as heart disease and stroke nerve damage kidney disease foot problems eye disease gum disease and other dental problems sexual and bladder problems Many people with type 2 diabetes also have nonalcoholic fatty liver disease (NAFLD) . Losing weight if you are overweight or have obesity can improve NAFLD. Diabetes is also linked to other health problems such as"
S06_C007,NIDDK,Type 2 Diabetes Overview,https://www.niddk.nih.gov/health-information/diabetes/overview/what-is-diabetes/type-2-diabetes,Loaded directly,7,"people with type 2 diabetes also have nonalcoholic fatty liver disease (NAFLD) . Losing weight if you are overweight or have obesity can improve NAFLD. Diabetes is also linked to other health problems such as sleep apnea , depression, some types of cancer, and dementia . You can take steps to lower your chances of developing these diabetes-related health problems . How can I lower my chances of developing type 2 diabetes? Research such as the Diabetes Prevention Program , sponsored by the National Institutes of Health, has shown that you can take steps to reduce your chances of developing type 2 diabetes if you have risk factors for the disease. Here are some things you can do to lower your risk: Lose weight if you are overweight, and keep it off. You may be able to prevent or delay diabetes by losing 5 to 7 percent of your current weight. 1 For instance, if you weigh 200 pounds, your"
S06_C008,NIDDK,Type 2 Diabetes Overview,https://www.niddk.nih.gov/health-information/diabetes/overview/what-is-diabetes/type-2-diabetes,Loaded directly,8,"you are overweight, and keep it off. You may be able to prevent or delay diabetes by losing 5 to 7 percent of your current weight. 1 For instance, if you weigh 200 pounds, your goal would be to lose about 10 to 14 pounds. Move more. Get at least 30 minutes of physical activity, such as walking, at least 5 days a week. If you have not been active, talk with your health care professional about which activities are best. Start slowly and build up to your goal. Eat healthy foods. Eat smaller portions to reduce the amount of calories you eat each day and help you lose weight. Choosing foods with less fat is another way to reduce calories. Drink water instead of sweetened beverages. Ask your health care team what other changes you can make to prevent or delay type 2 diabetes. Most often, your best chance for preventing type 2 diabetes is to make lifestyle changes"
S06_C009,NIDDK,Type 2 Diabetes Overview,https://www.niddk.nih.gov/health-information/diabetes/overview/what-is-diabetes/type-2-diabetes,Loaded directly,9,"sweetened beverages. Ask your health care team what other changes you can make to prevent or delay type 2 diabetes. Most often, your best chance for preventing type 2 diabetes is to make lifestyle changes that work for you long term. Get started with Your Game Plan to Prevent Type 2 Diabetes . References Last Reviewed May 2017 Share this page Facebook X Email WhatsApp LinkedIn Reddit Pinterest This content is provided as a service of the National Institute of Diabetes and Digestive and Kidney Diseases (NIDDK), part of the National Institutes of Health. NIDDK translates and disseminates research findings to increase knowledge and understanding about health and disease among patients, health professionals, and the public. Content produced by NIDDK is carefully reviewed by NIDDK scientists and other experts. The NIDDK would like to thank: Rita Basu, M.D., Mayo Clinic"
S07_C001,NIDDK,Diabetes Symptoms and Causes,https://www.niddk.nih.gov/health-information/diabetes/overview/symptoms-causes,Loaded directly,1,"Home Health Information Diabetes Diabetes Overview Symptoms & Causes English Español Symptoms & Causes of Diabetes In this section: What are the symptoms of diabetes? What causes type 1 diabetes? What causes type 2 diabetes? What causes gestational diabetes? What else can cause diabetes? Clinical Trials for Symptoms and Causes of Diabetes What are the symptoms of diabetes? Common symptoms of diabetes include increased urination feeling very thirsty feeling very hungry, even after you have eaten blurred vision fatigue sores that do not heal frequent infections, such as urinary tract infections , skin infections , or yeast infections There are different types of diabetes. People with any type of diabetes can have these symptoms. Some other symptoms, and how quickly the symptoms develop, depend on the type of diabetes that you have. Talk with your primary health care professional about any symptoms you are having and ask if you should be tested for diabetes . Your primary health care professional"
S07_C002,NIDDK,Diabetes Symptoms and Causes,https://www.niddk.nih.gov/health-information/diabetes/overview/symptoms-causes,Loaded directly,2,"the type of diabetes that you have. Talk with your primary health care professional about any symptoms you are having and ask if you should be tested for diabetes . Your primary health care professional may be a doctor, physician assistant, or nurse practitioner. Type 1 diabetes symptoms In addition to some of the common diabetes symptoms listed above, people with type 1 diabetes may also have an unexplained weight loss. Most people don’t know they have type 1 diabetes until they develop diabetes symptoms. Symptoms of type 1 diabetes usually develop quickly, over a few days or weeks. Type 1 diabetes is often diagnosed in children and young adults, but it can begin at any age. Children with type 1 diabetes typically develop symptoms over a short period of time. Common symptoms of type diabetes in children include having to urinate more often eating more but losing weight feeling very thirsty These symptoms are less common in adults with"
S07_C003,NIDDK,Diabetes Symptoms and Causes,https://www.niddk.nih.gov/health-information/diabetes/overview/symptoms-causes,Loaded directly,3,"over a short period of time. Common symptoms of type diabetes in children include having to urinate more often eating more but losing weight feeling very thirsty These symptoms are less common in adults with type 1 diabetes. For some adults, symptoms of type 1 diabetes may develop slowly and seem more like type 2 diabetes . Some adults who develop diabetes may need special tests to find out what type of diabetes they have. Talk with your health care professional about the type of diabetes you may have. They can help you understand its causes and treatments. Sometimes, people find out they have type 1 diabetes when they have signs and symptoms of a condition called diabetic ketoacidosis (DKA) . Symptoms of DKA may include feeling very tired having trouble breathing having fruity-smelling breath fainting from dehydration having pain in your abdomen , nausea , or vomiting If you have type 1 diabetes, your body doesn’t have enough insulin"
S07_C004,NIDDK,Diabetes Symptoms and Causes,https://www.niddk.nih.gov/health-information/diabetes/overview/symptoms-causes,Loaded directly,4,"include feeling very tired having trouble breathing having fruity-smelling breath fainting from dehydration having pain in your abdomen , nausea , or vomiting If you have type 1 diabetes, your body doesn’t have enough insulin to use blood glucose—also called blood sugar—for energy. Your body will begin to use fat as a source of energy instead. This process produces substances called ketones . High levels of ketones can cause DKA, which is a medical emergency that needs to be treated right away. DKA usually affects people with type 1 diabetes. People with type 2 diabetes may also develop DKA if their body doesn’t produce enough insulin. Type 2 diabetes symptoms Symptoms of type 2 diabetes can develop slowly, over several years. Many people with type 2 diabetes have no symptoms, or symptoms can be so mild that people might not even notice them. In addition to the common symptoms of diabetes listed above, people may find out they have type"
S07_C005,NIDDK,Diabetes Symptoms and Causes,https://www.niddk.nih.gov/health-information/diabetes/overview/symptoms-causes,Loaded directly,5,"2 diabetes have no symptoms, or symptoms can be so mild that people might not even notice them. In addition to the common symptoms of diabetes listed above, people may find out they have type 2 diabetes when they develop symptoms of other health problems from diabetes . These include pain, numbness, or tingling in the feet or hands sexual problems chest pain vision loss Vision loss can be a symptom of diabetes. Gestational diabetes symptoms Gestational diabetes is a type of diabetes that may develop when you are pregnant. Most people with this type of diabetes have no symptoms. If you do have symptoms of gestational diabetes, they may be mild, such as being thirstier than usual or having to urinate more often. People with a history of gestational diabetes are at higher risk of developing type 2 diabetes later in life. If you have a history of gestational diabetes, your health care professional may recommend regular testing for"
S07_C006,NIDDK,Diabetes Symptoms and Causes,https://www.niddk.nih.gov/health-information/diabetes/overview/symptoms-causes,Loaded directly,6,"with a history of gestational diabetes are at higher risk of developing type 2 diabetes later in life. If you have a history of gestational diabetes, your health care professional may recommend regular testing for type 2 diabetes. What causes type 1 diabetes? Type 1 diabetes develops when the body’s immune system destroys the cells in the pancreas that make insulin. These cells are called beta cells. Genes and factors in the environment—the places where people live, play, work, study, and gather—may trigger the immune system to destroy beta cells in type 1 diabetes. Insulin is a hormone that helps blood glucose get into the body’s cells to be used as energy. When your body doesn’t have enough insulin, glucose in your blood can’t get into the cells. As a result, your cells lack energy, your blood glucose level rises, and you develop diabetes. Studies such as The Environmental Determinants of Diabetes in the Young (TEDDY) are trying to learn"
S07_C007,NIDDK,Diabetes Symptoms and Causes,https://www.niddk.nih.gov/health-information/diabetes/overview/symptoms-causes,Loaded directly,7,"into the cells. As a result, your cells lack energy, your blood glucose level rises, and you develop diabetes. Studies such as The Environmental Determinants of Diabetes in the Young (TEDDY) are trying to learn more about the causes of type 1 diabetes. Type 1 Diabetes TrialNet and other groups are working to find treatments that may prevent or slow the development of type 1 diabetes in people who are at risk for getting the disease. What causes type 2 diabetes? Type 2 diabetes is the most common form of diabetes. Type 2 diabetes develops when your pancreas doesn’t produce enough insulin, and your body has trouble using insulin, a condition called insulin resistance . Insulin resistance is when the cells in your muscles, fat, and liver don’t respond well to insulin. When there isn’t enough insulin to balance blood glucose levels, they begin to rise. When blood glucose levels are higher than normal but not high enough to be"
S07_C008,NIDDK,Diabetes Symptoms and Causes,https://www.niddk.nih.gov/health-information/diabetes/overview/symptoms-causes,Loaded directly,8,"and liver don’t respond well to insulin. When there isn’t enough insulin to balance blood glucose levels, they begin to rise. When blood glucose levels are higher than normal but not high enough to be diagnosed as type 2 diabetes, you have a condition called prediabetes . You have type 2 diabetes when health care professionals diagnose your blood glucose level as being too high. Researchers don’t fully know what causes problems with insulin production and insulin resistance in type 2 diabetes. However, people are more likely to develop type 2 diabetes if they have overweight, obesity , or a large waist size. are age 35 or older. Children and teens can also develop type 2 diabetes, but the risk increases as a person gets older. have a family history of type 2 diabetes. are African American, American Indian, Asian American, Hispanic, Latino, or Pacific Islander. are not physically active, because of a job that requires sitting for long periods"
S07_C009,NIDDK,Diabetes Symptoms and Causes,https://www.niddk.nih.gov/health-information/diabetes/overview/symptoms-causes,Loaded directly,9,"older. have a family history of type 2 diabetes. are African American, American Indian, Asian American, Hispanic, Latino, or Pacific Islander. are not physically active, because of a job that requires sitting for long periods of time or because of difficulty moving their body. smoke , including tobacco products and e-cigarettes , or are exposed to secondhand smoke . have prediabetes. have a history of gestational diabetes, a type of diabetes that develops during pregnancy, or gave birth to a baby weighing 9 pounds or more. You can’t change some of these risk factors, such as your age, family history, or race. However, you may be able to change some risk factors and prevent or delay type 2 diabetes by maintaining a healthy weight, being physically active, and stopping smoking. You may be able to prevent type 2 diabetes by maintaining a healthy weight and being physically active. What causes gestational diabetes? Gestational diabetes occurs when your body can’t make"
S07_C010,NIDDK,Diabetes Symptoms and Causes,https://www.niddk.nih.gov/health-information/diabetes/overview/symptoms-causes,Loaded directly,10,"physically active, and stopping smoking. You may be able to prevent type 2 diabetes by maintaining a healthy weight and being physically active. What causes gestational diabetes? Gestational diabetes occurs when your body can’t make the extra insulin that you need during pregnancy. Scientists believe that substances made in your body, called hormones, may play a role in causing this form of diabetes. Changes to hormones during pregnancy can make it harder for blood glucose to enter the cells in your body. This causes insulin resistance. In most pregnancies, the pancreas can make enough insulin to overcome these changes. If the pancreas can’t make enough insulin, you’ll develop gestational diabetes. You’re more likely to develop gestational diabetes if you have certain risk factors, such as having overweight or obesity gaining too much weight during pregnancy having a family history of gestational diabetes, type 2 diabetes, or both What else can cause diabetes? Other causes of diabetes may include diseases caused"
S07_C011,NIDDK,Diabetes Symptoms and Causes,https://www.niddk.nih.gov/health-information/diabetes/overview/symptoms-causes,Loaded directly,11,"having overweight or obesity gaining too much weight during pregnancy having a family history of gestational diabetes, type 2 diabetes, or both What else can cause diabetes? Other causes of diabetes may include diseases caused by changes in your genes , also called gene variants endocrine diseases damage to or removal of the pancreas taking certain medicines Diseases caused by changes in your genes Gene variants are changes to certain genes. Some gene variants can cause diseases that can affect the pancreas and lead to diabetes. Monogenic diabetes Monogenic diabetes is a group of rare forms of diabetes caused by a variant, or change, in a single gene. Parents may pass these gene variants to their children. In some cases, a person may be the first one with the variant in the family. Most forms of monogenic diabetes reduce the amount of insulin your pancreas can make. Cystic fibrosis Cystic fibrosis is a genetic disease that leads to swelling and"
S07_C012,NIDDK,Diabetes Symptoms and Causes,https://www.niddk.nih.gov/health-information/diabetes/overview/symptoms-causes,Loaded directly,12,"first one with the variant in the family. Most forms of monogenic diabetes reduce the amount of insulin your pancreas can make. Cystic fibrosis Cystic fibrosis is a genetic disease that leads to swelling and scarring in the pancreas. This scarring can prevent the pancreas from making enough insulin. Hemochromatosis Hemochromatosis is a genetic condition that causes your body and organs to build up harmful levels of iron . If the disease is not treated, high levels of iron may damage your pancreas and other organs. Endocrine diseases Some endocrine diseases make the body produce too much of certain hormones. High levels of these hormones may cause insulin resistance or diabetes. Endocrine diseases that may cause insulin resistance or diabetes include Cushing’s syndrome , which can cause the body to produce too much cortisol —often called the “stress hormone” acromegaly , which can cause the body to produce too much growth hormone hyperthyroidism , which can cause the body to"
S07_C013,NIDDK,Diabetes Symptoms and Causes,https://www.niddk.nih.gov/health-information/diabetes/overview/symptoms-causes,Loaded directly,13,"can cause the body to produce too much cortisol —often called the “stress hormone” acromegaly , which can cause the body to produce too much growth hormone hyperthyroidism , which can cause the body to produce too much thyroid hormone hypothyroidism , which can cause the body to produce too little thyroid hormone Damage to or removal of the pancreas The pancreas can be damaged by injury or diseases such as inflammation of the pancreas, also called pancreatitis . Diabetes may be the first sign of pancreatic cancer in older people without diabetes risk factors who develop diabetes. A damaged pancreas may make less insulin and lead to diabetes. In some cases, your pancreas may need to be removed. Without a pancreas, your body can’t produce insulin. You’ll develop diabetes and will have to take insulin. Taking certain medicines Certain medicines may harm the pancreas or affect the way insulin works in the body. Some of these medicines may include"
S07_C014,NIDDK,Diabetes Symptoms and Causes,https://www.niddk.nih.gov/health-information/diabetes/overview/symptoms-causes,Loaded directly,14,"produce insulin. You’ll develop diabetes and will have to take insulin. Taking certain medicines Certain medicines may harm the pancreas or affect the way insulin works in the body. Some of these medicines may include antipsychotics that are used to treat certain mental health problems antiseizure medicines that are used to treat epilepsy beta-blockers and diuretics that are used to treat high blood pressure glucocorticoids that are used to treat certain inflammatory diseases immunosuppressants that are used after an organ transplant niacin , a type of vitamin B that is sometimes used to treat high blood cholesterol Statins, which are medicines to reduce LDL (“bad”) cholesterol levels, can slightly increase the chance that you’ll develop diabetes. However, statins help protect you from heart disease and stroke . For this reason, the strong benefits of taking statins outweigh the small chance that you could develop diabetes. If you take medicines for these conditions, you may want to ask your primary health"
S07_C015,NIDDK,Diabetes Symptoms and Causes,https://www.niddk.nih.gov/health-information/diabetes/overview/symptoms-causes,Loaded directly,15,"stroke . For this reason, the strong benefits of taking statins outweigh the small chance that you could develop diabetes. If you take medicines for these conditions, you may want to ask your primary health care professional if your medicines could affect your risk of developing diabetes. Clinical Trials for Symptoms and Causes of Diabetes NIDDK conducts and supports clinical trials in many diseases and conditions, including diabetes. The trials look to find new ways to prevent, detect, or treat diseases and improve quality of life. What clinical trials study symptoms and causes of diabetes? Clinical trials—and other types of clinical studies —are part of medical research and involve people like you. When you volunteer to take part in a clinical study, you help doctors and researchers learn more about disease and improve health care for people in the future. Researchers are studying many aspects of symptoms and causes of diabetes, such as tests and treatments for rare and uncommon"
S07_C016,NIDDK,Diabetes Symptoms and Causes,https://www.niddk.nih.gov/health-information/diabetes/overview/symptoms-causes,Loaded directly,16,"and researchers learn more about disease and improve health care for people in the future. Researchers are studying many aspects of symptoms and causes of diabetes, such as tests and treatments for rare and uncommon types of diabetes body changes in people who develop diabetes after having pancreatitis Find out if clinical trials are right for you . Watch a video of NIDDK Director Dr. Griffin P. Rodgers explaining the importance of participating in clinical trials. What clinical trials about symptoms and causes of diabetes are looking for participants? You can find clinical studies on symptoms and causes of diabetes at ClinicalTrials.gov . In addition to searching for federally funded studies, you can expand or narrow your search to include clinical studies from industry, universities, and individuals; however, the National Institutes of Health does not review these studies and cannot ensure they are safe for you. Always talk with your primary health care professional before you participate in a clinical"
S07_C017,NIDDK,Diabetes Symptoms and Causes,https://www.niddk.nih.gov/health-information/diabetes/overview/symptoms-causes,Loaded directly,17,"and individuals; however, the National Institutes of Health does not review these studies and cannot ensure they are safe for you. Always talk with your primary health care professional before you participate in a clinical study. What have we learned about symptoms and causes of diabetes from NIDDK-funded research? NIDDK has funded many research projects to learn more about symptoms and causes of diabetes. NIDDK-supported research helped scientists find genes linked to type 1 diabetes and new ways to identify people with type 1 diabetes before they develop symptoms. NIDDK also supported research to test medicines in people with type 1 diabetes before symptoms develop and before they require insulin-replacement therapy. In 2022, this research led to the U.S. Food and Drug Administration approval of a medicine (PDF, 101.1 KB) that may slow damage to the pancreas in early stages of type 1 diabetes. The Diabetes Prevention Program (DPP) studied how to prevent or delay disease in people at high"
S07_C018,NIDDK,Diabetes Symptoms and Causes,https://www.niddk.nih.gov/health-information/diabetes/overview/symptoms-causes,Loaded directly,18,"a medicine (PDF, 101.1 KB) that may slow damage to the pancreas in early stages of type 1 diabetes. The Diabetes Prevention Program (DPP) studied how to prevent or delay disease in people at high risk of developing type 2 diabetes. The study found that participants who did regular physical activity and lost 5% to 7% of their body weight lowered their chance of developing type 2 diabetes. NIDDK funds the Glycemic Observation and Metabolic Outcomes in Mothers and Offspring (GO MOMS) study, which is investigating ways to improve gestational diabetes screening and diagnosis by better understanding blood glucose levels throughout pregnancy. GO MOMs will set the foundation for future ways to screen, diagnose, and treat high blood glucose levels during pregnancy. NIDDK supports the Rare and Atypical Diabetes Network (RADIANT) study, which is looking at ways to identify and define rare and atypical forms of diabetes. NIDDK formed the Type 1 Diabetes in Acute Pancreatitis Consortium (T1DAPC) to study"
S07_C019,NIDDK,Diabetes Symptoms and Causes,https://www.niddk.nih.gov/health-information/diabetes/overview/symptoms-causes,Loaded directly,19,"Rare and Atypical Diabetes Network (RADIANT) study, which is looking at ways to identify and define rare and atypical forms of diabetes. NIDDK formed the Type 1 Diabetes in Acute Pancreatitis Consortium (T1DAPC) to study type 1 diabetes and other types of diabetes that are related to acute pancreatitis. As part of this group, the Diabetes Related to Acute Pancreatitis and Its Mechanisms (DREAM) study is looking at people with recent acute pancreatitis to see how many develop diabetes. Last Reviewed October 2024 Share this page Facebook X Email WhatsApp LinkedIn Reddit Pinterest Previous: What Is Diabetes? Next: Risk Factors for Type 2 Diabetes This content is provided as a service of the National Institute of Diabetes and Digestive and Kidney Diseases (NIDDK), part of the National Institutes of Health. NIDDK translates and disseminates research findings to increase knowledge and understanding about health and disease among patients, health professionals, and the public. Content produced by NIDDK is carefully reviewed by"
S07_C020,NIDDK,Diabetes Symptoms and Causes,https://www.niddk.nih.gov/health-information/diabetes/overview/symptoms-causes,Loaded directly,20,"the National Institutes of Health. NIDDK translates and disseminates research findings to increase knowledge and understanding about health and disease among patients, health professionals, and the public. Content produced by NIDDK is carefully reviewed by NIDDK scientists and other experts. NIDDK would like to thank: Carmella Evans-Molina, M.D., Ph.D., Indiana University School of Medicine"
